oldPath,oldUrl,newPath,newUrl,confidence,resolvedNewPath,resolvedNewUrl,resolution,candidates
"developers/contact","/developers/contact","get-started/contact","/get-started/contact","high","get-started/index","/get-started","override:no-contact-page",""
"developers/graphql","/developers/graphql","dev-tools/graphql/index","/dev-tools/graphql","high","dev-tools/graphql/index","/dev-tools/graphql","exact",""
"developers/index","/developers","dev-tools/index","/dev-tools","high","dev-tools/index","/dev-tools","exact",""
"developers/tools/api-explorer","/developers/tools/api-explorer","dev-tools/tools/api-explorer","/dev-tools/tools/api-explorer","high","dev-tools/tools/api-explorer","/dev-tools/tools/api-explorer","exact",""
"developers/tools/event-simulator","/developers/tools/event-simulator","dev-tools/tools/event-simulator","/dev-tools/tools/event-simulator","high","dev-tools/tools/event-simulator","/dev-tools/tools/event-simulator","exact",""
"developers/tools/guide-test-tools","/developers/tools/guide-test-tools","dev-tools/tools/guide-test-tools","/dev-tools/tools/guide-test-tools","high","dev-tools/tools/test-tools-guide","/dev-tools/tools/test-tools-guide","fuzzy",""
"developers/tools/index","/developers/tools","dev-tools/tools/index","/dev-tools/tools","high","dev-tools","/dev-tools","override:fold-section-overview",""
"developers/tools/mcp-servers","/developers/tools/mcp-servers","dev-tools/tools/mcp-servers","/dev-tools/tools/mcp-servers","high","dev-tools/tools/mcp-servers","/dev-tools/tools/mcp-servers","exact",""
"developers/tools/postman-collection","/developers/tools/postman-collection","dev-tools/tools/postman-collection","/dev-tools/tools/postman-collection","high","dev-tools/tools/postman-collection","/dev-tools/tools/postman-collection","exact",""
"developers/tools/sandbox-users","/developers/tools/sandbox-users","dev-tools/tools/sandbox-users","/dev-tools/tools/sandbox-users","high","dev-tools/tools/sandbox-users","/dev-tools/tools/sandbox-users","exact",""
"developers/tools/testing-api","/developers/tools/testing-api","dev-tools/tools/testing-api","/dev-tools/tools/testing-api","high","dev-tools/tools/testing-api","/dev-tools/tools/testing-api","exact",""
"developers/using-api/authentication/guide-get-token-project","/developers/using-api/authentication/guide-get-token-project","dev-tools/using-api/authentication/guide-get-token-project","/dev-tools/using-api/authentication/guide-get-token-project","high","dev-tools/using-api/authentication","/dev-tools/using-api/authentication","fold",""
"developers/using-api/authentication/guide-get-token-user","/developers/using-api/authentication/guide-get-token-user","dev-tools/using-api/authentication/guide-get-token-user","/dev-tools/using-api/authentication/guide-get-token-user","high","dev-tools/using-api/authentication","/dev-tools/using-api/authentication","fold",""
"developers/using-api/authentication/guide-impersonate","/developers/using-api/authentication/guide-impersonate","dev-tools/using-api/authentication/guide-impersonate","/dev-tools/using-api/authentication/guide-impersonate","high","dev-tools/using-api/authentication","/dev-tools/using-api/authentication","fold",""
"developers/using-api/authentication/index","/developers/using-api/authentication","dev-tools/using-api/authentication/index","/dev-tools/using-api/authentication","high","dev-tools/using-api/authentication","/dev-tools/using-api/authentication","exact",""
"developers/using-api/errors-rejections","/developers/using-api/errors-rejections","dev-tools/using-api/errors-rejections","/dev-tools/using-api/errors-rejections","high","dev-tools/using-api/errors-rejections","/dev-tools/using-api/errors-rejections","exact",""
"developers/using-api/idempotency","/developers/using-api/idempotency","dev-tools/using-api/idempotency","/dev-tools/using-api/idempotency","high","dev-tools/using-api/idempotency","/dev-tools/using-api/idempotency","exact",""
"developers/using-api/pagination","/developers/using-api/pagination","dev-tools/using-api/pagination","/dev-tools/using-api/pagination","high","dev-tools/using-api/pagination","/dev-tools/using-api/pagination","exact",""
"developers/using-api/payment-control","/developers/using-api/payment-control","dev-tools/using-api/payment-control","/dev-tools/using-api/payment-control","high","dev-tools/using-api/payment-control","/dev-tools/using-api/payment-control","exact",""
"developers/using-api/webhooks","/developers/using-api/webhooks","dev-tools/using-api/webhooks","/dev-tools/using-api/webhooks","high","dev-tools/using-api/webhooks","/dev-tools/using-api/webhooks","exact",""
"glossary","/glossary","get-started/set-up-swan/glossary","/get-started/set-up-swan/glossary","high","get-started/set-up-swan/glossary","/get-started/set-up-swan/glossary","exact",""
"partnership/contact","/partnership/contact","get-started/contact","/get-started/contact","high","get-started/index","/get-started","override:no-contact-page",""
"partnership/document-center/company-registration/belgium","/partnership/document-center/company-registration/belgium","accounts/reference/company-registration/belgium","/accounts/reference/company-registration/belgium","high","accounts/reference/country-requirements","/accounts/reference/country-requirements","override:ia-collapse-per-country",""
"partnership/document-center/company-registration/france","/partnership/document-center/company-registration/france","accounts/reference/company-registration/france","/accounts/reference/company-registration/france","high","accounts/reference/country-requirements","/accounts/reference/country-requirements","override:ia-collapse-per-country",""
"partnership/document-center/company-registration/germany","/partnership/document-center/company-registration/germany","accounts/reference/company-registration/germany","/accounts/reference/company-registration/germany","high","accounts/reference/country-requirements","/accounts/reference/country-requirements","override:ia-collapse-per-country",""
"partnership/document-center/company-registration/index","/partnership/document-center/company-registration","accounts/reference/company-registration/index","/accounts/reference/company-registration","high","accounts/reference/country-requirements","/accounts/reference/country-requirements","override:ia-collapse-per-country",""
"partnership/document-center/company-registration/italy","/partnership/document-center/company-registration/italy","accounts/reference/company-registration/italy","/accounts/reference/company-registration/italy","high","accounts/reference/country-requirements","/accounts/reference/country-requirements","override:ia-collapse-per-country",""
"partnership/document-center/company-registration/netherlands","/partnership/document-center/company-registration/netherlands","accounts/reference/company-registration/netherlands","/accounts/reference/company-registration/netherlands","high","accounts/reference/country-requirements","/accounts/reference/country-requirements","override:ia-collapse-per-country",""
"partnership/document-center/company-registration/spain","/partnership/document-center/company-registration/spain","accounts/reference/company-registration/spain","/accounts/reference/company-registration/spain","high","accounts/reference/country-requirements","/accounts/reference/country-requirements","override:ia-collapse-per-country",""
"partnership/document-center/identity/expert","/partnership/document-center/identity/expert","users/reference/identity/expert","/users/reference/identity/expert","high","users/reference/identity-methods","/users/reference/identity-methods","override:ia-collapse-identity",""
"partnership/document-center/identity/index","/partnership/document-center/identity","users/reference/identity/index","/users/reference/identity","high","users/reference/identity-methods","/users/reference/identity-methods","fuzzy",""
"partnership/document-center/identity/pvid","/partnership/document-center/identity/pvid","users/reference/identity/pvid","/users/reference/identity/pvid","high","users/reference/identity-methods","/users/reference/identity-methods","override:ia-collapse-identity",""
"partnership/document-center/identity/qes","/partnership/document-center/identity/qes","users/reference/identity/qes","/users/reference/identity/qes","high","users/reference/identity-methods","/users/reference/identity-methods","override:ia-collapse-identity",""
"partnership/document-center/proof-address/index","/partnership/document-center/proof-address","accounts/reference/proof-address/index","/accounts/reference/proof-address","high","accounts/reference/proof-of-address","/accounts/reference/proof-of-address","fuzzy",""
"partnership/index","/partnership","get-started/become-a-partner/index","/get-started/become-a-partner","high","get-started/become-a-partner/index","/get-started/become-a-partner","exact",""
"partnership/overview/country-coverage","/partnership/overview/country-coverage","get-started/become-a-partner/country-coverage","/get-started/become-a-partner/country-coverage","high","get-started/become-a-partner/country-coverage","/get-started/become-a-partner/country-coverage","exact",""
"partnership/overview/guide-orias","/partnership/overview/guide-orias","get-started/become-a-partner/guide-orias","/get-started/become-a-partner/guide-orias","high","get-started/become-a-partner/orias-registration","/get-started/become-a-partner/orias-registration","override:preserve-live-redirect-specificity",""
"partnership/overview/protections","/partnership/overview/protections","get-started/become-a-partner/protections","/get-started/become-a-partner/protections","high","get-started/become-a-partner/protections/financial-protections","/get-started/become-a-partner/protections/financial-protections","override:preserve-live-redirect-specificity",""
"partnership/overview/rules-regulations","/partnership/overview/rules-regulations","get-started/become-a-partner/rules-regulations","/get-started/become-a-partner/rules-regulations","high","get-started/become-a-partner/brand-communication","/get-started/become-a-partner/brand-communication","override:preserve-live-redirect-specificity",""
"partnership/protections/data","/partnership/protections/data","get-started/become-a-partner/protections/data","/get-started/become-a-partner/protections/data","high","get-started/become-a-partner/protections/data-protection","/get-started/become-a-partner/protections/data-protection","override:preserve-live-redirect-specificity",""
"partnership/protections/financial","/partnership/protections/financial","get-started/become-a-partner/protections/financial","/get-started/become-a-partner/protections/financial","high","get-started/become-a-partner/protections/financial-protections","/get-started/become-a-partner/protections/financial-protections","override:preserve-live-redirect-specificity",""
"partnership/protections/fraud/index","/partnership/protections/fraud","get-started/become-a-partner/protections/fraud/index","/get-started/become-a-partner/protections/fraud","high","get-started/become-a-partner/protections/fraud-obligations","/get-started/become-a-partner/protections/fraud-obligations","override:preserve-live-redirect-specificity",""
"partnership/protections/fraud/types","/partnership/protections/fraud/types","get-started/become-a-partner/protections/fraud/types","/get-started/become-a-partner/protections/fraud/types","high","get-started/become-a-partner/protections/fraud-obligations","/get-started/become-a-partner/protections/fraud-obligations","override:preserve-live-redirect-specificity",""
"partnership/protections/report-vulnerability","/partnership/protections/report-vulnerability","get-started/become-a-partner/protections/report-vulnerability","/get-started/become-a-partner/protections/report-vulnerability","high","get-started/become-a-partner/protections/index","/get-started/become-a-partner/protections","fold",""
"topics/accounts/billing/guide-compliant-billing","/topics/accounts/billing/guide-compliant-billing","accounts/guides/billing/compliant-billing","/accounts/guides/billing/compliant-billing","high","accounts/guides/billing/compliant-billing","/accounts/guides/billing/compliant-billing","exact",""
"topics/accounts/billing/guide-get-details","/topics/accounts/billing/guide-get-details","accounts/guides/billing/get-details","/accounts/guides/billing/get-details","high","accounts/guides/billing/get-details","/accounts/guides/billing/get-details","exact",""
"topics/accounts/billing/guide-get-list","/topics/accounts/billing/guide-get-list","accounts/guides/billing/get-list","/accounts/guides/billing/get-list","high","accounts/guides/billing/get-list","/accounts/guides/billing/get-list","exact",""
"topics/accounts/billing/index","/topics/accounts/billing","accounts/billing/index","/accounts/billing","med","accounts/concepts/billing","/accounts/concepts/billing","rule:concept-shape",""
"topics/accounts/billing/sandbox","/topics/accounts/billing/sandbox","accounts/reference/billing/sandbox","/accounts/reference/billing/sandbox","high","accounts/reference/sandbox-billing","/accounts/reference/sandbox-billing","override:rename-flat-sandbox",""
"topics/accounts/closure/guide-close-api","/topics/accounts/closure/guide-close-api","accounts/guides/closure/close-api","/accounts/guides/closure/close-api","high","accounts/guides/closure/close-link","/accounts/guides/closure/close-link","override:hub-split-feeds-close-link",""
"topics/accounts/closure/guide-close-limited","/topics/accounts/closure/guide-close-limited","accounts/guides/closure/close-limited","/accounts/guides/closure/close-limited","high","accounts/guides/closure/close-limited","/accounts/guides/closure/close-limited","exact",""
"topics/accounts/closure/guide-close-link","/topics/accounts/closure/guide-close-link","accounts/guides/closure/close-link","/accounts/guides/closure/close-link","high","accounts/guides/closure/close-link","/accounts/guides/closure/close-link","exact",""
"topics/accounts/closure/guide-close-unlimited","/topics/accounts/closure/guide-close-unlimited","accounts/guides/closure/close-unlimited","/accounts/guides/closure/close-unlimited","high","accounts/guides/closure/close-unlimited","/accounts/guides/closure/close-unlimited","exact",""
"topics/accounts/closure/guide-get-closure-info","/topics/accounts/closure/guide-get-closure-info","accounts/guides/closure/get-closure-info","/accounts/guides/closure/get-closure-info","high","accounts/guides/closure/get-closure-info","/accounts/guides/closure/get-closure-info","exact",""
"topics/accounts/closure/index","/topics/accounts/closure","accounts/closure/index","/accounts/closure","med","accounts/concepts/closure","/accounts/concepts/closure","rule:concept-shape",""
"topics/accounts/documents/guide-delete","/topics/accounts/documents/guide-delete","accounts/guides/documents/delete","/accounts/guides/documents/delete","high","accounts/guides/documents/delete","/accounts/guides/documents/delete","exact",""
"topics/accounts/documents/guide-get-info","/topics/accounts/documents/guide-get-info","accounts/guides/documents/get-info","/accounts/guides/documents/get-info","high","accounts/guides/documents/get-info","/accounts/guides/documents/get-info","exact",""
"topics/accounts/documents/guide-request-collection-review","/topics/accounts/documents/guide-request-collection-review","accounts/guides/documents/request-collection-review","/accounts/guides/documents/request-collection-review","high","accounts/guides/documents/request-collection-review","/accounts/guides/documents/request-collection-review","exact",""
"topics/accounts/documents/guide-upload-onboarding","/topics/accounts/documents/guide-upload-onboarding","accounts/guides/documents/upload-onboarding","/accounts/guides/documents/upload-onboarding","high","accounts/guides/documents/upload-onboarding","/accounts/guides/documents/upload-onboarding","exact",""
"topics/accounts/documents/guide-upload-transaction","/topics/accounts/documents/guide-upload-transaction","accounts/guides/documents/upload-transaction","/accounts/guides/documents/upload-transaction","high","accounts/guides/documents/upload-transaction","/accounts/guides/documents/upload-transaction","exact",""
"topics/accounts/documents/index","/topics/accounts/documents","accounts/documents/index","/accounts/documents","med","accounts/concepts/documents","/accounts/concepts/documents","rule:concept-shape",""
"topics/accounts/documents/sandbox","/topics/accounts/documents/sandbox","accounts/reference/documents/sandbox","/accounts/reference/documents/sandbox","high","accounts/reference/sandbox-documents","/accounts/reference/sandbox-documents","override:rename-flat-sandbox",""
"topics/accounts/funding/guide-add-source","/topics/accounts/funding/guide-add-source","accounts/guides/funding/add-source","/accounts/guides/funding/add-source","high","accounts/guides/funding/add-source","/accounts/guides/funding/add-source","exact",""
"topics/accounts/funding/guide-cancel-source","/topics/accounts/funding/guide-cancel-source","accounts/guides/funding/cancel-source","/accounts/guides/funding/cancel-source","high","accounts/guides/funding/cancel-source","/accounts/guides/funding/cancel-source","exact",""
"topics/accounts/funding/guide-get-info","/topics/accounts/funding/guide-get-info","accounts/guides/funding/get-info","/accounts/guides/funding/get-info","high","accounts/guides/funding/get-info","/accounts/guides/funding/get-info","exact",""
"topics/accounts/funding/guide-initiate-request","/topics/accounts/funding/guide-initiate-request","accounts/guides/funding/initiate-request","/accounts/guides/funding/initiate-request","high","accounts/guides/funding/initiate-request","/accounts/guides/funding/initiate-request","exact",""
"topics/accounts/funding/index","/topics/accounts/funding","accounts/funding/index","/accounts/funding","med","accounts/concepts/funding","/accounts/concepts/funding","rule:concept-shape",""
"topics/accounts/funding/sandbox","/topics/accounts/funding/sandbox","accounts/reference/funding/sandbox","/accounts/reference/funding/sandbox","high","accounts/reference/sandbox-funding","/accounts/reference/sandbox-funding","override:rename-flat-sandbox",""
"topics/accounts/ibans/guide-add-virtual","/topics/accounts/ibans/guide-add-virtual","accounts/guides/ibans/add-virtual","/accounts/guides/ibans/add-virtual","high","accounts/guides/ibans/add-virtual","/accounts/guides/ibans/add-virtual","exact",""
"topics/accounts/ibans/guide-cancel-virtual","/topics/accounts/ibans/guide-cancel-virtual","accounts/guides/ibans/cancel-virtual","/accounts/guides/ibans/cancel-virtual","high","accounts/guides/ibans/cancel-virtual","/accounts/guides/ibans/cancel-virtual","exact",""
"topics/accounts/ibans/guide-get-info","/topics/accounts/ibans/guide-get-info","accounts/guides/ibans/get-info","/accounts/guides/ibans/get-info","high","accounts/guides/ibans/get-info","/accounts/guides/ibans/get-info","exact",""
"topics/accounts/ibans/guide-validate","/topics/accounts/ibans/guide-validate","accounts/guides/ibans/validate","/accounts/guides/ibans/validate","high","accounts/guides/ibans/validate","/accounts/guides/ibans/validate","exact",""
"topics/accounts/ibans/index","/topics/accounts/ibans","accounts/ibans/index","/accounts/ibans","med","accounts/concepts/ibans","/accounts/concepts/ibans","rule:concept-shape",""
"topics/accounts/index","/topics/accounts","accounts/index","/accounts","med","accounts/concepts/account","/accounts/concepts/account","override:finalize-account-landing",""
"topics/accounts/memberships/admin-change","/topics/accounts/memberships/admin-change","accounts/guides/memberships/admin-change","/accounts/guides/memberships/admin-change","high","accounts/guides/memberships/change-admin","/accounts/guides/memberships/change-admin","fuzzy",""
"topics/accounts/memberships/guide-add-multiple","/topics/accounts/memberships/guide-add-multiple","accounts/guides/memberships/add-multiple","/accounts/guides/memberships/add-multiple","high","accounts/guides/memberships/add-multiple","/accounts/guides/memberships/add-multiple","exact",""
"topics/accounts/memberships/guide-add-one","/topics/accounts/memberships/guide-add-one","accounts/guides/memberships/add-one","/accounts/guides/memberships/add-one","high","accounts/guides/memberships/add-one","/accounts/guides/memberships/add-one","exact",""
"topics/accounts/memberships/guide-disable","/topics/accounts/memberships/guide-disable","accounts/guides/memberships/disable","/accounts/guides/memberships/disable","high","accounts/guides/memberships/disable","/accounts/guides/memberships/disable","exact",""
"topics/accounts/memberships/guide-export","/topics/accounts/memberships/guide-export","accounts/guides/memberships/export","/accounts/guides/memberships/export","high","accounts/guides/memberships/export/index","/accounts/guides/memberships/export","exact",""
"topics/accounts/memberships/guide-fix-binding-error","/topics/accounts/memberships/guide-fix-binding-error","accounts/guides/memberships/fix-binding-error","/accounts/guides/memberships/fix-binding-error","high","accounts/guides/memberships/fix-binding-error","/accounts/guides/memberships/fix-binding-error","exact",""
"topics/accounts/memberships/guide-resend-invitation","/topics/accounts/memberships/guide-resend-invitation","accounts/guides/memberships/resend-invitation","/accounts/guides/memberships/resend-invitation","high","accounts/guides/memberships/resend-invitation","/accounts/guides/memberships/resend-invitation","exact",""
"topics/accounts/memberships/guide-suspend-resume","/topics/accounts/memberships/guide-suspend-resume","accounts/guides/memberships/suspend-resume","/accounts/guides/memberships/suspend-resume","high","accounts/guides/memberships/suspend-resume","/accounts/guides/memberships/suspend-resume","exact",""
"topics/accounts/memberships/guide-update","/topics/accounts/memberships/guide-update","accounts/guides/memberships/update","/accounts/guides/memberships/update","high","accounts/guides/memberships/update","/accounts/guides/memberships/update","exact",""
"topics/accounts/memberships/index","/topics/accounts/memberships","accounts/memberships/index","/accounts/memberships","med","accounts/concepts/memberships","/accounts/concepts/memberships","rule:concept-shape",""
"topics/accounts/multiple-accounts/guide-multiple-accounts-integration","/topics/accounts/multiple-accounts/guide-multiple-accounts-integration","accounts/guides/multiple-accounts/multiple-accounts-integration","/accounts/guides/multiple-accounts/multiple-accounts-integration","high","accounts/concepts/multiple-accounts","/accounts/concepts/multiple-accounts","override:hub-split-feeds-requirements-ref",""
"topics/accounts/multiple-accounts/index","/topics/accounts/multiple-accounts","accounts/multiple-accounts/index","/accounts/multiple-accounts","med","accounts/concepts/multiple-accounts","/accounts/concepts/multiple-accounts","rule:concept-shape",""
"topics/accounts/overview/guide-export","/topics/accounts/overview/guide-export","accounts/guides/overview/export","/accounts/guides/overview/export","high","accounts/guides/account-operations/export","/accounts/guides/account-operations/export","override:rename-account-operations",""
"topics/accounts/overview/guide-generate-statement","/topics/accounts/overview/guide-generate-statement","accounts/guides/overview/generate-statement","/accounts/guides/overview/generate-statement","high","accounts/guides/account-operations/generate-statement","/accounts/guides/account-operations/generate-statement","fuzzy",""
"topics/accounts/overview/guide-get-bank-details","/topics/accounts/overview/guide-get-bank-details","accounts/guides/overview/get-bank-details","/accounts/guides/overview/get-bank-details","high","accounts/guides/account-operations/bank-details","/accounts/guides/account-operations/bank-details","override:rename-account-operations",""
"topics/capital-deposits/france/guide-create-case","/topics/capital-deposits/france/guide-create-case","accounts/guides/onboarding/capital-deposits/france/guide-create-case","/accounts/guides/onboarding/capital-deposits/france/guide-create-case","high","accounts/guides/onboarding/capital-deposits/create-case","/accounts/guides/onboarding/capital-deposits/create-case","override:preserve-live-redirect-specificity",""
"topics/capital-deposits/france/guide-upload-documents","/topics/capital-deposits/france/guide-upload-documents","accounts/guides/onboarding/capital-deposits/france/guide-upload-documents","/accounts/guides/onboarding/capital-deposits/france/guide-upload-documents","high","accounts/guides/onboarding/capital-deposits/upload-documents","/accounts/guides/onboarding/capital-deposits/upload-documents","override:preserve-live-redirect-specificity",""
"topics/capital-deposits/france/guide","/topics/capital-deposits/france/guide","accounts/guides/onboarding/capital-deposits/france/guide","/accounts/guides/onboarding/capital-deposits/france/guide","high","accounts/guides/onboarding/capital-deposits/index","/accounts/guides/onboarding/capital-deposits","fold",""
"topics/capital-deposits/guide-cancel","/topics/capital-deposits/guide-cancel","accounts/guides/onboarding/capital-deposits/guide-cancel","/accounts/guides/onboarding/capital-deposits/guide-cancel","high","accounts/guides/onboarding/capital-deposits/cancel","/accounts/guides/onboarding/capital-deposits/cancel","rule:strip-guide-prefix",""
"topics/capital-deposits/guide-update-company","/topics/capital-deposits/guide-update-company","accounts/guides/onboarding/capital-deposits/guide-update-company","/accounts/guides/onboarding/capital-deposits/guide-update-company","high","accounts/guides/onboarding/capital-deposits/update-company","/accounts/guides/onboarding/capital-deposits/update-company","rule:strip-guide-prefix",""
"topics/capital-deposits/guide-update-shareholder-amount","/topics/capital-deposits/guide-update-shareholder-amount","accounts/guides/onboarding/capital-deposits/guide-update-shareholder-amount","/accounts/guides/onboarding/capital-deposits/guide-update-shareholder-amount","high","accounts/guides/onboarding/capital-deposits/update-shareholder-amount","/accounts/guides/onboarding/capital-deposits/update-shareholder-amount","rule:strip-guide-prefix",""
"topics/capital-deposits/index","/topics/capital-deposits","accounts/guides/onboarding/capital-deposits/index","/accounts/guides/onboarding/capital-deposits","high","accounts/guides/onboarding/capital-deposits/index","/accounts/guides/onboarding/capital-deposits","exact",""
"topics/cards/card-packages/guide-get-card-package-tier","/topics/cards/card-packages/guide-get-card-package-tier","cards/guides/card-packages/get-card-package-tier","/cards/guides/card-packages/get-card-package-tier","high","cards/concepts/card-packages","/cards/concepts/card-packages","override:hub-merge",""
"topics/cards/card-packages/guide-product-configuration","/topics/cards/card-packages/guide-product-configuration","cards/guides/card-packages/product-configuration","/cards/guides/card-packages/product-configuration","high","cards/concepts/card-packages","/cards/concepts/card-packages","override:hub-merge",""
"topics/cards/card-packages/index","/topics/cards/card-packages","cards/card-packages/index","/cards/card-packages","med","cards/concepts/card-packages","/cards/concepts/card-packages","rule:concept-shape",""
"topics/cards/design/guide-custom","/topics/cards/design/guide-custom","cards/guides/design/custom","/cards/guides/design/custom","high","cards/guides/design/custom","/cards/guides/design/custom","exact",""
"topics/cards/design/guide-standard","/topics/cards/design/guide-standard","cards/guides/design/standard","/cards/guides/design/standard","high","cards/guides/design/standard","/cards/guides/design/standard","exact",""
"topics/cards/design/index","/topics/cards/design","cards/design/index","/cards/design","med","cards/concepts/design","/cards/concepts/design","rule:concept-shape",""
"topics/cards/digital/guide-add","/topics/cards/digital/guide-add","cards/guides/digital/add","/cards/guides/digital/add","high","cards/guides/digital/add","/cards/guides/digital/add","exact",""
"topics/cards/digital/guide-cancel","/topics/cards/digital/guide-cancel","cards/guides/digital/cancel","/cards/guides/digital/cancel","high","cards/guides/digital/cancel","/cards/guides/digital/cancel","exact",""
"topics/cards/digital/index","/topics/cards/digital","cards/digital/index","/cards/digital","med","cards/concepts/digital","/cards/concepts/digital","rule:concept-shape",""
"topics/cards/digital/sandbox","/topics/cards/digital/sandbox","cards/reference/digital/sandbox","/cards/reference/digital/sandbox","high","cards/reference/sandbox-digital","/cards/reference/sandbox-digital","override:rename-flat-sandbox",""
"topics/cards/index","/topics/cards","cards/index","/cards","med","cards/index","/cards","exact",""
"topics/cards/overview/guide-export","/topics/cards/overview/guide-export","cards/guides/overview/export","/cards/guides/overview/export","high","cards/guides/lifecycle/export","/cards/guides/lifecycle/export","fuzzy",""
"topics/cards/overview/guide-issue","/topics/cards/overview/guide-issue","cards/guides/overview/issue","/cards/guides/overview/issue","high","cards/guides/lifecycle/issue","/cards/guides/lifecycle/issue","fuzzy",""
"topics/cards/overview/guide-update","/topics/cards/overview/guide-update","cards/guides/overview/update","/cards/guides/overview/update","high","cards/guides/lifecycle/update","/cards/guides/lifecycle/update","fuzzy",""
"topics/cards/physical/guide-activate","/topics/cards/physical/guide-activate","cards/guides/physical/activate","/cards/guides/physical/activate","high","cards/guides/physical/activate","/cards/guides/physical/activate","exact",""
"topics/cards/physical/guide-block-unblock","/topics/cards/physical/guide-block-unblock","cards/guides/physical/block-unblock","/cards/guides/physical/block-unblock","high","cards/guides/physical/block-unblock","/cards/guides/physical/block-unblock","exact",""
"topics/cards/physical/guide-cancel","/topics/cards/physical/guide-cancel","cards/guides/physical/cancel","/cards/guides/physical/cancel","high","cards/guides/physical/cancel","/cards/guides/physical/cancel","exact",""
"topics/cards/physical/guide-print","/topics/cards/physical/guide-print","cards/guides/physical/print","/cards/guides/physical/print","high","cards/guides/physical/print","/cards/guides/physical/print","exact",""
"topics/cards/physical/guide-renew","/topics/cards/physical/guide-renew","cards/guides/physical/renew","/cards/guides/physical/renew","high","cards/guides/physical/renew","/cards/guides/physical/renew","exact",""
"topics/cards/physical/guide-view-info","/topics/cards/physical/guide-view-info","cards/guides/physical/view-info","/cards/guides/physical/view-info","high","cards/guides/physical/view-info","/cards/guides/physical/view-info","exact",""
"topics/cards/physical/index","/topics/cards/physical","cards/physical/index","/cards/physical","med","cards/concepts/physical","/cards/concepts/physical","rule:concept-shape",""
"topics/cards/physical/sandbox","/topics/cards/physical/sandbox","cards/reference/physical/sandbox","/cards/reference/physical/sandbox","high","cards/reference/sandbox-physical","/cards/reference/sandbox-physical","override:rename-flat-sandbox",""
"topics/cards/virtual/guide-add","/topics/cards/virtual/guide-add","cards/guides/virtual/add","/cards/guides/virtual/add","high","cards/guides/virtual/add","/cards/guides/virtual/add","exact",""
"topics/cards/virtual/guide-cancel","/topics/cards/virtual/guide-cancel","cards/guides/virtual/cancel","/cards/guides/virtual/cancel","high","cards/guides/virtual/cancel","/cards/guides/virtual/cancel","exact",""
"topics/cards/virtual/guide-view-info","/topics/cards/virtual/guide-view-info","cards/guides/virtual/view-info","/cards/guides/virtual/view-info","high","cards/guides/virtual/view-info","/cards/guides/virtual/view-info","exact",""
"topics/cards/virtual/index","/topics/cards/virtual","cards/virtual/index","/cards/virtual","med","cards/concepts/virtual","/cards/concepts/virtual","rule:concept-shape",""
"topics/contact","/topics/contact","get-started/contact","/get-started/contact","high","get-started/index","/get-started","override:no-contact-page",""
"topics/get-started/choose-integration","/topics/get-started/choose-integration","get-started/set-up-swan/choose-integration","/get-started/set-up-swan/choose-integration","high","get-started/set-up-swan/choose-integration","/get-started/set-up-swan/choose-integration","exact",""
"topics/get-started/quickstart","/topics/get-started/quickstart","get-started/set-up-swan/quickstart","/get-started/set-up-swan/quickstart","high","get-started/set-up-swan/quickstart","/get-started/set-up-swan/quickstart","exact",""
"topics/get-started/step-by-step","/topics/get-started/step-by-step","get-started/set-up-swan/step-by-step","/get-started/set-up-swan/step-by-step","high","get-started/set-up-swan/step-by-step","/get-started/set-up-swan/step-by-step","exact",""
"topics/merchants/guide-missing-information","/topics/merchants/guide-missing-information","payments/guides/merchants/guide-missing-information","/payments/guides/merchants/guide-missing-information","high","payments/guides/merchants/missing-information","/payments/guides/merchants/missing-information","rule:strip-guide-prefix",""
"topics/merchants/guide-onboarding-overview","/topics/merchants/guide-onboarding-overview","payments/guides/merchants/guide-onboarding-overview","/payments/guides/merchants/guide-onboarding-overview","high","payments/guides/merchants/onboarding-overview","/payments/guides/merchants/onboarding-overview","rule:strip-guide-prefix",""
"topics/merchants/in-person/cards/guide-accept","/topics/merchants/in-person/cards/guide-accept","payments/guides/merchants/in-person/cards/guide-accept","/payments/guides/merchants/in-person/cards/guide-accept","high","payments/guides/merchants/in-person/cards","/payments/guides/merchants/in-person/cards","fold",""
"topics/merchants/in-person/cards/guide-create-payments","/topics/merchants/in-person/cards/guide-create-payments","payments/guides/merchants/in-person/cards/guide-create-payments","/payments/guides/merchants/in-person/cards/guide-create-payments","high","payments/guides/merchants/in-person/cards","/payments/guides/merchants/in-person/cards","fold",""
"topics/merchants/in-person/cards/guide-initialize","/topics/merchants/in-person/cards/guide-initialize","payments/guides/merchants/in-person/cards/guide-initialize","/payments/guides/merchants/in-person/cards/guide-initialize","high","payments/guides/merchants/in-person/cards","/payments/guides/merchants/in-person/cards","fold",""
"topics/merchants/in-person/cards/guide-request-method","/topics/merchants/in-person/cards/guide-request-method","payments/guides/merchants/in-person/cards/guide-request-method","/payments/guides/merchants/in-person/cards/guide-request-method","high","payments/guides/merchants/in-person/cards","/payments/guides/merchants/in-person/cards","fold",""
"topics/merchants/in-person/cards/guide-setup","/topics/merchants/in-person/cards/guide-setup","payments/guides/merchants/in-person/cards/guide-setup","/payments/guides/merchants/in-person/cards/guide-setup","high","payments/guides/merchants/in-person/cards","/payments/guides/merchants/in-person/cards","fold",""
"topics/merchants/in-person/cards/index","/topics/merchants/in-person/cards","payments/guides/merchants/in-person/cards/index","/payments/guides/merchants/in-person/cards","high","payments/guides/merchants/in-person/cards","/payments/guides/merchants/in-person/cards","exact",""
"topics/merchants/in-person/cards/sandbox","/topics/merchants/in-person/cards/sandbox","payments/guides/merchants/in-person/cards/sandbox","/payments/guides/merchants/in-person/cards/sandbox","high","payments/guides/merchants/in-person/cards","/payments/guides/merchants/in-person/cards","fold",""
"topics/merchants/in-person/checks/guide-checks","/topics/merchants/in-person/checks/guide-checks","payments/guides/merchants/in-person/checks/guide-checks","/payments/guides/merchants/in-person/checks/guide-checks","high","payments/guides/merchants/in-person/checks","/payments/guides/merchants/in-person/checks","fold",""
"topics/merchants/in-person/checks/guide-initiate","/topics/merchants/in-person/checks/guide-initiate","payments/guides/merchants/in-person/checks/guide-initiate","/payments/guides/merchants/in-person/checks/guide-initiate","high","payments/guides/merchants/in-person/checks","/payments/guides/merchants/in-person/checks","fold",""
"topics/merchants/in-person/checks/guide-request","/topics/merchants/in-person/checks/guide-request","payments/guides/merchants/in-person/checks/guide-request","/payments/guides/merchants/in-person/checks/guide-request","high","payments/guides/merchants/in-person/checks","/payments/guides/merchants/in-person/checks","fold",""
"topics/merchants/in-person/checks/index","/topics/merchants/in-person/checks","payments/guides/merchants/in-person/checks/index","/payments/guides/merchants/in-person/checks","high","payments/guides/merchants/in-person/checks","/payments/guides/merchants/in-person/checks","exact",""
"topics/merchants/in-person/checks/sandbox","/topics/merchants/in-person/checks/sandbox","payments/guides/merchants/in-person/checks/sandbox","/payments/guides/merchants/in-person/checks/sandbox","high","payments/guides/merchants/in-person/checks","/payments/guides/merchants/in-person/checks","fold",""
"topics/merchants/in-person/index","/topics/merchants/in-person","payments/guides/merchants/in-person/index","/payments/guides/merchants/in-person","high","payments/guides/merchants/index","/payments/guides/merchants","fold",""
"topics/merchants/index","/topics/merchants","payments/guides/merchants/index","/payments/guides/merchants","high","payments/guides/merchants/index","/payments/guides/merchants","exact",""
"topics/merchants/online/cards/guide-cards","/topics/merchants/online/cards/guide-cards","payments/guides/merchants/online/cards/guide-cards","/payments/guides/merchants/online/cards/guide-cards","high","payments/guides/merchants/online/cards","/payments/guides/merchants/online/cards","fold",""
"topics/merchants/online/cards/guide-create-link","/topics/merchants/online/cards/guide-create-link","payments/guides/merchants/online/cards/guide-create-link","/payments/guides/merchants/online/cards/guide-create-link","high","payments/guides/merchants/online/cards","/payments/guides/merchants/online/cards","fold",""
"topics/merchants/online/cards/guide-request","/topics/merchants/online/cards/guide-request","payments/guides/merchants/online/cards/guide-request","/payments/guides/merchants/online/cards/guide-request","high","payments/guides/merchants/online/cards","/payments/guides/merchants/online/cards","fold",""
"topics/merchants/online/cards/index","/topics/merchants/online/cards","payments/guides/merchants/online/cards/index","/payments/guides/merchants/online/cards","high","payments/guides/merchants/online/cards","/payments/guides/merchants/online/cards","exact",""
"topics/merchants/online/cards/sandbox","/topics/merchants/online/cards/sandbox","payments/guides/merchants/online/cards/sandbox","/payments/guides/merchants/online/cards/sandbox","high","payments/guides/merchants/online/cards","/payments/guides/merchants/online/cards","fold",""
"topics/merchants/online/idd/guide-declare","/topics/merchants/online/idd/guide-declare","payments/guides/merchants/online/idd/guide-declare","/payments/guides/merchants/online/idd/guide-declare","high","payments/guides/merchants/online/idd","/payments/guides/merchants/online/idd","fold",""
"topics/merchants/online/idd/guide-idd","/topics/merchants/online/idd/guide-idd","payments/guides/merchants/online/idd/guide-idd","/payments/guides/merchants/online/idd/guide-idd","high","payments/guides/merchants/online/idd","/payments/guides/merchants/online/idd","fold",""
"topics/merchants/online/idd/guide-initiate","/topics/merchants/online/idd/guide-initiate","payments/guides/merchants/online/idd/guide-initiate","/payments/guides/merchants/online/idd/guide-initiate","high","payments/guides/merchants/online/idd","/payments/guides/merchants/online/idd","fold",""
"topics/merchants/online/idd/guide-refund","/topics/merchants/online/idd/guide-refund","payments/guides/merchants/online/idd/guide-refund","/payments/guides/merchants/online/idd/guide-refund","high","payments/guides/merchants/online/idd","/payments/guides/merchants/online/idd","fold",""
"topics/merchants/online/idd/guide-request","/topics/merchants/online/idd/guide-request","payments/guides/merchants/online/idd/guide-request","/payments/guides/merchants/online/idd/guide-request","high","payments/guides/merchants/online/idd","/payments/guides/merchants/online/idd","fold",""
"topics/merchants/online/idd/index","/topics/merchants/online/idd","payments/guides/merchants/online/idd/index","/payments/guides/merchants/online/idd","high","payments/guides/merchants/online/idd","/payments/guides/merchants/online/idd","exact",""
"topics/merchants/online/idd/sandbox","/topics/merchants/online/idd/sandbox","payments/guides/merchants/online/idd/sandbox","/payments/guides/merchants/online/idd/sandbox","high","payments/guides/merchants/online/idd","/payments/guides/merchants/online/idd","fold",""
"topics/merchants/online/index","/topics/merchants/online","payments/guides/merchants/online/index","/payments/guides/merchants/online","high","payments/guides/merchants/index","/payments/guides/merchants","fold",""
"topics/merchants/online/sdd/guide-create-link","/topics/merchants/online/sdd/guide-create-link","payments/guides/merchants/online/sdd/guide-create-link","/payments/guides/merchants/online/sdd/guide-create-link","high","payments/guides/merchants/online/sdd","/payments/guides/merchants/online/sdd","fold",""
"topics/merchants/online/sdd/guide-declare","/topics/merchants/online/sdd/guide-declare","payments/guides/merchants/online/sdd/guide-declare","/payments/guides/merchants/online/sdd/guide-declare","high","payments/guides/merchants/online/sdd","/payments/guides/merchants/online/sdd","fold",""
"topics/merchants/online/sdd/guide-get-mandate","/topics/merchants/online/sdd/guide-get-mandate","payments/guides/merchants/online/sdd/guide-get-mandate","/payments/guides/merchants/online/sdd/guide-get-mandate","high","payments/guides/merchants/online/sdd","/payments/guides/merchants/online/sdd","fold",""
"topics/merchants/online/sdd/guide-initiate","/topics/merchants/online/sdd/guide-initiate","payments/guides/merchants/online/sdd/guide-initiate","/payments/guides/merchants/online/sdd/guide-initiate","high","payments/guides/merchants/online/sdd","/payments/guides/merchants/online/sdd","fold",""
"topics/merchants/online/sdd/guide-request","/topics/merchants/online/sdd/guide-request","payments/guides/merchants/online/sdd/guide-request","/payments/guides/merchants/online/sdd/guide-request","high","payments/guides/merchants/online/sdd","/payments/guides/merchants/online/sdd","fold",""
"topics/merchants/online/sdd/guide-sdd","/topics/merchants/online/sdd/guide-sdd","payments/guides/merchants/online/sdd/guide-sdd","/payments/guides/merchants/online/sdd/guide-sdd","high","payments/guides/merchants/online/sdd","/payments/guides/merchants/online/sdd","fold",""
"topics/merchants/online/sdd/guide-update","/topics/merchants/online/sdd/guide-update","payments/guides/merchants/online/sdd/guide-update","/payments/guides/merchants/online/sdd/guide-update","high","payments/guides/merchants/online/sdd","/payments/guides/merchants/online/sdd","fold",""
"topics/merchants/online/sdd/index","/topics/merchants/online/sdd","payments/guides/merchants/online/sdd/index","/payments/guides/merchants/online/sdd","high","payments/guides/merchants/online/sdd","/payments/guides/merchants/online/sdd","exact",""
"topics/merchants/online/sdd/sandbox","/topics/merchants/online/sdd/sandbox","payments/guides/merchants/online/sdd/sandbox","/payments/guides/merchants/online/sdd/sandbox","high","payments/guides/merchants/online/sdd","/payments/guides/merchants/online/sdd","fold",""
"topics/merchants/profiles/guide-get-info","/topics/merchants/profiles/guide-get-info","payments/guides/merchants/profiles/guide-get-info","/payments/guides/merchants/profiles/guide-get-info","high","payments/guides/merchants/profiles/get-info","/payments/guides/merchants/profiles/get-info","rule:strip-guide-prefix",""
"topics/merchants/profiles/guide-request","/topics/merchants/profiles/guide-request","payments/guides/merchants/profiles/guide-request","/payments/guides/merchants/profiles/guide-request","high","payments/guides/merchants/profiles/request","/payments/guides/merchants/profiles/request","rule:strip-guide-prefix",""
"topics/merchants/profiles/guide-update","/topics/merchants/profiles/guide-update","payments/guides/merchants/profiles/guide-update","/payments/guides/merchants/profiles/guide-update","high","payments/guides/merchants/profiles/update","/payments/guides/merchants/profiles/update","rule:strip-guide-prefix",""
"topics/merchants/sandbox","/topics/merchants/sandbox","payments/guides/merchants/sandbox","/payments/guides/merchants/sandbox","high","payments/guides/merchants/index","/payments/guides/merchants","fold",""
"topics/onboarding/account-holders/guide-add-additional-account","/topics/onboarding/account-holders/guide-add-additional-account","accounts/guides/onboarding/account-holders/guide-add-additional-account","/accounts/guides/onboarding/account-holders/guide-add-additional-account","high","accounts/guides/onboarding/account-holders","/accounts/guides/onboarding/account-holders","fold",""
"topics/onboarding/account-holders/guide-export","/topics/onboarding/account-holders/guide-export","accounts/guides/onboarding/account-holders/guide-export","/accounts/guides/onboarding/account-holders/guide-export","high","accounts/guides/onboarding/account-holders","/accounts/guides/onboarding/account-holders","fold",""
"topics/onboarding/account-holders/guide-get-status","/topics/onboarding/account-holders/guide-get-status","accounts/guides/onboarding/account-holders/guide-get-status","/accounts/guides/onboarding/account-holders/guide-get-status","high","accounts/guides/onboarding/account-holders","/accounts/guides/onboarding/account-holders","fold",""
"topics/onboarding/account-holders/guide-request-first-transfer","/topics/onboarding/account-holders/guide-request-first-transfer","accounts/guides/onboarding/account-holders/guide-request-first-transfer","/accounts/guides/onboarding/account-holders/guide-request-first-transfer","high","accounts/guides/onboarding/account-holders","/accounts/guides/onboarding/account-holders","fold",""
"topics/onboarding/account-holders/index","/topics/onboarding/account-holders","accounts/guides/onboarding/account-holders/index","/accounts/guides/onboarding/account-holders","high","accounts/guides/onboarding/account-holders","/accounts/guides/onboarding/account-holders","exact",""
"topics/onboarding/account-holders/sandbox","/topics/onboarding/account-holders/sandbox","accounts/guides/onboarding/account-holders/sandbox","/accounts/guides/onboarding/account-holders/sandbox","high","accounts/guides/onboarding/account-holders","/accounts/guides/onboarding/account-holders","fold",""
"topics/onboarding/company/fields","/topics/onboarding/company/fields","accounts/guides/onboarding/company/fields","/accounts/guides/onboarding/company/fields","high","accounts/reference/company-onboarding-fields","/accounts/reference/company-onboarding-fields","override:carve-onboarding-fields-ref",""
"topics/onboarding/company/guide-create","/topics/onboarding/company/guide-create","accounts/guides/onboarding/company/guide-create","/accounts/guides/onboarding/company/guide-create","high","accounts/guides/onboarding/company","/accounts/guides/onboarding/company","fold",""
"topics/onboarding/company/guide-update","/topics/onboarding/company/guide-update","accounts/guides/onboarding/company/guide-update","/accounts/guides/onboarding/company/guide-update","high","accounts/guides/onboarding/company","/accounts/guides/onboarding/company","fold",""
"topics/onboarding/company/index","/topics/onboarding/company","accounts/guides/onboarding/company/index","/accounts/guides/onboarding/company","high","accounts/guides/onboarding/company","/accounts/guides/onboarding/company","exact",""
"topics/onboarding/index","/topics/onboarding","accounts/guides/onboarding/index","/accounts/guides/onboarding","high","accounts/guides/onboarding/index","/accounts/guides/onboarding","exact",""
"topics/onboarding/individual/fields","/topics/onboarding/individual/fields","accounts/guides/onboarding/individual/fields","/accounts/guides/onboarding/individual/fields","high","accounts/reference/individual-onboarding-fields","/accounts/reference/individual-onboarding-fields","override:carve-onboarding-fields-ref",""
"topics/onboarding/individual/guide-create","/topics/onboarding/individual/guide-create","accounts/guides/onboarding/individual/guide-create","/accounts/guides/onboarding/individual/guide-create","high","accounts/guides/onboarding/individual","/accounts/guides/onboarding/individual","fold",""
"topics/onboarding/individual/guide-update","/topics/onboarding/individual/guide-update","accounts/guides/onboarding/individual/guide-update","/accounts/guides/onboarding/individual/guide-update","high","accounts/guides/onboarding/individual","/accounts/guides/onboarding/individual","fold",""
"topics/onboarding/individual/index","/topics/onboarding/individual","accounts/guides/onboarding/individual/index","/accounts/guides/onboarding/individual","high","accounts/guides/onboarding/individual","/accounts/guides/onboarding/individual","exact",""
"topics/onboarding/overview/guide-export","/topics/onboarding/overview/guide-export","accounts/guides/onboarding/overview/guide-export","/accounts/guides/onboarding/overview/guide-export","high","accounts/guides/onboarding/index","/accounts/guides/onboarding","fold",""
"topics/onboarding/overview/guide-finalize","/topics/onboarding/overview/guide-finalize","accounts/guides/onboarding/overview/guide-finalize","/accounts/guides/onboarding/overview/guide-finalize","high","accounts/guides/onboarding/index","/accounts/guides/onboarding","fold",""
"topics/onboarding/overview/guide-get-info","/topics/onboarding/overview/guide-get-info","accounts/guides/onboarding/overview/guide-get-info","/accounts/guides/onboarding/overview/guide-get-info","high","accounts/guides/onboarding/index","/accounts/guides/onboarding","fold",""
"topics/onboarding/overview/guide-get-list","/topics/onboarding/overview/guide-get-list","accounts/guides/onboarding/overview/guide-get-list","/accounts/guides/onboarding/overview/guide-get-list","high","accounts/guides/onboarding/index","/accounts/guides/onboarding","fold",""
"topics/onboarding/overview/guide-migrate","/topics/onboarding/overview/guide-migrate","accounts/guides/onboarding/overview/guide-migrate","/accounts/guides/onboarding/overview/guide-migrate","high","accounts/guides/onboarding/index","/accounts/guides/onboarding","fold",""
"topics/payments/cards/guide-get-enriched-info","/topics/payments/cards/guide-get-enriched-info","payments/guides/cards/get-enriched-info","/payments/guides/cards/get-enriched-info","high","payments/guides/cards/get-enriched-info","/payments/guides/cards/get-enriched-info","exact",""
"topics/payments/cards/guide-get-list","/topics/payments/cards/guide-get-list","payments/guides/cards/get-list","/payments/guides/cards/get-list","high","payments/guides/cards/get-list","/payments/guides/cards/get-list","exact",""
"topics/payments/cards/index","/topics/payments/cards","payments/cards/index","/payments/cards","med","payments/concepts/cards","/payments/concepts/cards","rule:concept-shape",""
"topics/payments/cards/sandbox","/topics/payments/cards/sandbox","payments/reference/cards/sandbox","/payments/reference/cards/sandbox","high","payments/reference/sandbox","/payments/reference/sandbox","fuzzy",""
"topics/payments/credit-transfers/index","/topics/payments/credit-transfers","payments/credit-transfers/index","/payments/credit-transfers","med","payments/concepts/credit-transfers","/payments/concepts/credit-transfers","rule:concept-shape",""
"topics/payments/credit-transfers/international/guide-add-beneficiary","/topics/payments/credit-transfers/international/guide-add-beneficiary","payments/guides/credit-transfers/international/add-beneficiary","/payments/guides/credit-transfers/international/add-beneficiary","high","payments/guides/credit-transfers/international/add-beneficiary","/payments/guides/credit-transfers/international/add-beneficiary","exact",""
"topics/payments/credit-transfers/international/guide-beneficiary","/topics/payments/credit-transfers/international/guide-beneficiary","payments/guides/credit-transfers/international/beneficiary","/payments/guides/credit-transfers/international/beneficiary","high","payments/guides/credit-transfers/international/add-beneficiary","/payments/guides/credit-transfers/international/add-beneficiary","override:rename-granular-home",""
"topics/payments/credit-transfers/international/guide-get-info","/topics/payments/credit-transfers/international/guide-get-info","payments/guides/credit-transfers/international/get-info","/payments/guides/credit-transfers/international/get-info","high","payments/guides/credit-transfers/international/get-info","/payments/guides/credit-transfers/international/get-info","exact",""
"topics/payments/credit-transfers/international/guide-initiate","/topics/payments/credit-transfers/international/guide-initiate","payments/guides/credit-transfers/international/initiate","/payments/guides/credit-transfers/international/initiate","high","payments/guides/credit-transfers/international/initiate","/payments/guides/credit-transfers/international/initiate","exact",""
"topics/payments/credit-transfers/international/guide-quote","/topics/payments/credit-transfers/international/guide-quote","payments/guides/credit-transfers/international/quote","/payments/guides/credit-transfers/international/quote","high","payments/guides/credit-transfers/international/quote","/payments/guides/credit-transfers/international/quote","exact",""
"topics/payments/credit-transfers/international/guide-transaction-details","/topics/payments/credit-transfers/international/guide-transaction-details","payments/guides/credit-transfers/international/transaction-details","/payments/guides/credit-transfers/international/transaction-details","high","payments/guides/credit-transfers/international/get-info","/payments/guides/credit-transfers/international/get-info","override:rename-granular-home",""
"topics/payments/credit-transfers/international/index","/topics/payments/credit-transfers/international","payments/credit-transfers/international/index","/payments/credit-transfers/international","med","payments/concepts/credit-transfers","/payments/concepts/credit-transfers","override:ia-collapse-ct-landing",""
"topics/payments/credit-transfers/international/sandbox","/topics/payments/credit-transfers/international/sandbox","payments/reference/credit-transfers/international/sandbox","/payments/reference/credit-transfers/international/sandbox","high","payments/reference/sandbox","/payments/reference/sandbox","fuzzy",""
"topics/payments/credit-transfers/sepa/guide-add-beneficiary","/topics/payments/credit-transfers/sepa/guide-add-beneficiary","payments/guides/credit-transfers/sepa/add-beneficiary","/payments/guides/credit-transfers/sepa/add-beneficiary","high","payments/guides/credit-transfers/sepa/add-beneficiary","/payments/guides/credit-transfers/sepa/add-beneficiary","exact",""
"topics/payments/credit-transfers/sepa/guide-cancel-ct","/topics/payments/credit-transfers/sepa/guide-cancel-ct","payments/guides/credit-transfers/sepa/cancel-ct","/payments/guides/credit-transfers/sepa/cancel-ct","high","payments/guides/credit-transfers/sepa/cancel-ct","/payments/guides/credit-transfers/sepa/cancel-ct","exact",""
"topics/payments/credit-transfers/sepa/guide-cancel-so","/topics/payments/credit-transfers/sepa/guide-cancel-so","payments/guides/credit-transfers/sepa/cancel-so","/payments/guides/credit-transfers/sepa/cancel-so","high","payments/guides/credit-transfers/sepa/cancel-so","/payments/guides/credit-transfers/sepa/cancel-so","exact",""
"topics/payments/credit-transfers/sepa/guide-initiate-ct","/topics/payments/credit-transfers/sepa/guide-initiate-ct","payments/guides/credit-transfers/sepa/initiate-ct","/payments/guides/credit-transfers/sepa/initiate-ct","high","payments/guides/credit-transfers/sepa/initiate-ct","/payments/guides/credit-transfers/sepa/initiate-ct","exact",""
"topics/payments/credit-transfers/sepa/guide-refund-ct","/topics/payments/credit-transfers/sepa/guide-refund-ct","payments/guides/credit-transfers/sepa/refund-ct","/payments/guides/credit-transfers/sepa/refund-ct","high","payments/guides/credit-transfers/sepa/refund-ct","/payments/guides/credit-transfers/sepa/refund-ct","exact",""
"topics/payments/credit-transfers/sepa/guide-schedule-so","/topics/payments/credit-transfers/sepa/guide-schedule-so","payments/guides/credit-transfers/sepa/schedule-so","/payments/guides/credit-transfers/sepa/schedule-so","high","payments/guides/credit-transfers/sepa/schedule-so","/payments/guides/credit-transfers/sepa/schedule-so","exact",""
"topics/payments/credit-transfers/sepa/index","/topics/payments/credit-transfers/sepa","payments/credit-transfers/sepa/index","/payments/credit-transfers/sepa","med","payments/concepts/credit-transfers","/payments/concepts/credit-transfers","override:ia-collapse-ct-landing",""
"topics/payments/credit-transfers/sepa/sandbox","/topics/payments/credit-transfers/sepa/sandbox","payments/reference/credit-transfers/sepa/sandbox","/payments/reference/credit-transfers/sepa/sandbox","high","payments/reference/sandbox","/payments/reference/sandbox","fuzzy",""
"topics/payments/credit-transfers/sepa/vop/bulk-credit-transfers","/topics/payments/credit-transfers/sepa/vop/bulk-credit-transfers","payments/guides/credit-transfers/sepa/vop/bulk-credit-transfers","/payments/guides/credit-transfers/sepa/vop/bulk-credit-transfers","high","payments/concepts/verification-of-payee","/payments/concepts/verification-of-payee","override:retarget-vop-concept",""
"topics/payments/credit-transfers/sepa/vop/guide-verify-beneficiary","/topics/payments/credit-transfers/sepa/vop/guide-verify-beneficiary","payments/guides/credit-transfers/sepa/vop/verify-beneficiary","/payments/guides/credit-transfers/sepa/vop/verify-beneficiary","high","payments/guides/credit-transfers/sepa/verify-beneficiary","/payments/guides/credit-transfers/sepa/verify-beneficiary","fuzzy",""
"topics/payments/credit-transfers/sepa/vop/incoming-vop-requests","/topics/payments/credit-transfers/sepa/vop/incoming-vop-requests","payments/guides/credit-transfers/sepa/vop/incoming-vop-requests","/payments/guides/credit-transfers/sepa/vop/incoming-vop-requests","high","payments/guides/credit-transfers/sepa/incoming-vop-requests","/payments/guides/credit-transfers/sepa/incoming-vop-requests","override:new-vop-guide",""
"topics/payments/credit-transfers/sepa/vop/verification-of-payee","/topics/payments/credit-transfers/sepa/vop/verification-of-payee","payments/guides/credit-transfers/sepa/vop/verification-of-payee","/payments/guides/credit-transfers/sepa/vop/verification-of-payee","high","payments/concepts/verification-of-payee","/payments/concepts/verification-of-payee","override:new-vop-concept",""
"topics/payments/direct-debit/guide-add-mandate","/topics/payments/direct-debit/guide-add-mandate","payments/guides/direct-debit/add-mandate","/payments/guides/direct-debit/add-mandate","high","payments/guides/direct-debit/add-mandate","/payments/guides/direct-debit/add-mandate","exact",""
"topics/payments/direct-debit/guide-enable-mandate","/topics/payments/direct-debit/guide-enable-mandate","payments/guides/direct-debit/enable-mandate","/payments/guides/direct-debit/enable-mandate","high","payments/guides/direct-debit/enable-mandate","/payments/guides/direct-debit/enable-mandate","exact",""
"topics/payments/direct-debit/guide-return","/topics/payments/direct-debit/guide-return","payments/guides/direct-debit/return","/payments/guides/direct-debit/return","high","payments/guides/direct-debit/return","/payments/guides/direct-debit/return","exact",""
"topics/payments/direct-debit/guide-suspend-mandate","/topics/payments/direct-debit/guide-suspend-mandate","payments/guides/direct-debit/suspend-mandate","/payments/guides/direct-debit/suspend-mandate","high","payments/guides/direct-debit/suspend-mandate","/payments/guides/direct-debit/suspend-mandate","exact",""
"topics/payments/direct-debit/guide-update-mandate","/topics/payments/direct-debit/guide-update-mandate","payments/guides/direct-debit/update-mandate","/payments/guides/direct-debit/update-mandate","high","payments/guides/direct-debit/update-mandate","/payments/guides/direct-debit/update-mandate","exact",""
"topics/payments/direct-debit/index","/topics/payments/direct-debit","payments/direct-debit/index","/payments/direct-debit","med","payments/concepts/direct-debit","/payments/concepts/direct-debit","rule:concept-shape",""
"topics/payments/direct-debit/sandbox","/topics/payments/direct-debit/sandbox","payments/reference/direct-debit/sandbox","/payments/reference/direct-debit/sandbox","high","payments/reference/sandbox","/payments/reference/sandbox","fuzzy",""
"topics/payments/index","/topics/payments","payments/index","/payments","med","payments/index","/payments","exact",""
"topics/payments/overview/guide-export","/topics/payments/overview/guide-export","payments/guides/overview/export","/payments/guides/overview/export","high","payments/guides/overview/export","/payments/guides/overview/export","exact",""
"topics/payments/overview/guide-generate-transaction-statement","/topics/payments/overview/guide-generate-transaction-statement","payments/guides/overview/generate-transaction-statement","/payments/guides/overview/generate-transaction-statement","high","payments/guides/overview/generate-transaction-statement","/payments/guides/overview/generate-transaction-statement","exact",""
"topics/payments/overview/guide-get-payment-id","/topics/payments/overview/guide-get-payment-id","payments/guides/overview/get-payment-id","/payments/guides/overview/get-payment-id","high","payments/guides/overview/get-payment-id","/payments/guides/overview/get-payment-id","exact",""
"topics/payments/overview/guide-get-payment-info","/topics/payments/overview/guide-get-payment-info","payments/guides/overview/get-payment-info","/payments/guides/overview/get-payment-info","high","payments/concepts/transactions","/payments/concepts/transactions","override:hub-judgment-at-migration",""
"topics/payments/overview/guide-get-transaction-id","/topics/payments/overview/guide-get-transaction-id","payments/guides/overview/get-transaction-id","/payments/guides/overview/get-transaction-id","high","payments/guides/overview/get-transaction-id","/payments/guides/overview/get-transaction-id","exact",""
"topics/payments/overview/guide-get-transaction-info","/topics/payments/overview/guide-get-transaction-info","payments/guides/overview/get-transaction-info","/payments/guides/overview/get-transaction-info","high","payments/guides/overview/get-transaction-info","/payments/guides/overview/get-transaction-info","exact",""
"topics/payments/overview/guide-get-transaction-list","/topics/payments/overview/guide-get-transaction-list","payments/guides/overview/get-transaction-list","/payments/guides/overview/get-transaction-list","high","payments/concepts/transactions","/payments/concepts/transactions","override:hub-judgment-at-migration",""
"topics/projects/guide-activate","/topics/projects/guide-activate","get-started/set-up-swan/projects/guide-activate","/get-started/set-up-swan/projects/guide-activate","high","get-started/set-up-swan/create-project","/get-started/set-up-swan/create-project","override:ia-collapse-project-setup",""
"topics/projects/index","/topics/projects","get-started/set-up-swan/projects/index","/get-started/set-up-swan/projects","high","get-started/set-up-swan/create-project","/get-started/set-up-swan/create-project","override:ia-collapse-project-setup",""
"topics/users/consent/guide-cancel","/topics/users/consent/guide-cancel","users/guides/consent/cancel","/users/guides/consent/cancel","high","users/guides/consent/cancel","/users/guides/consent/cancel","exact",""
"topics/users/consent/guide-configure-notifications","/topics/users/consent/guide-configure-notifications","users/guides/consent/configure-notifications","/users/guides/consent/configure-notifications","high","users/guides/consent/configure-notifications","/users/guides/consent/configure-notifications","exact",""
"topics/users/consent/guide-create-multiconsent","/topics/users/consent/guide-create-multiconsent","users/guides/consent/create-multiconsent","/users/guides/consent/create-multiconsent","high","users/guides/consent/create-multiconsent","/users/guides/consent/create-multiconsent","exact",""
"topics/users/consent/guide-implement-s2s","/topics/users/consent/guide-implement-s2s","users/guides/consent/implement-s2s","/users/guides/consent/implement-s2s","high","users/guides/consent/implement-s2s","/users/guides/consent/implement-s2s","exact",""
"topics/users/consent/guide-integrate-sca","/topics/users/consent/guide-integrate-sca","users/guides/consent/integrate-sca","/users/guides/consent/integrate-sca","high","users/guides/consent/integrate-sca","/users/guides/consent/integrate-sca","exact",""
"topics/users/consent/index","/topics/users/consent","users/consent/index","/users/consent","med","users/concepts/consent","/users/concepts/consent","rule:concept-shape",""
"topics/users/identifications/guide-get-identifications","/topics/users/identifications/guide-get-identifications","users/guides/identifications/get-identifications","/users/guides/identifications/get-identifications","high","users/guides/identifications/get-identifications","/users/guides/identifications/get-identifications","exact",""
"topics/users/identifications/guide-get-latest-id","/topics/users/identifications/guide-get-latest-id","users/guides/identifications/get-latest-id","/users/guides/identifications/get-latest-id","high","users/guides/identifications/get-latest-id","/users/guides/identifications/get-latest-id","exact",""
"topics/users/identifications/index","/topics/users/identifications","users/identifications/index","/users/identifications","med","users/concepts/identifications","/users/concepts/identifications","rule:concept-shape",""
"topics/users/identifications/sandbox","/topics/users/identifications/sandbox","users/reference/identifications/sandbox","/users/reference/identifications/sandbox","high","users/reference/sandbox-identifications","/users/reference/sandbox-identifications","fuzzy",""
"topics/users/index","/topics/users","users/index","/users","med","users/index","/users","exact",""
"topics/users/overview/guide-deactivate","/topics/users/overview/guide-deactivate","users/guides/overview/deactivate","/users/guides/overview/deactivate","high","users/guides/overview/deactivate","/users/guides/overview/deactivate","exact",""
"topics/users/overview/guide-export","/topics/users/overview/guide-export","users/guides/overview/export","/users/guides/overview/export","high","users/guides/overview/export","/users/guides/overview/export","exact",""
"topics/users/overview/guide-get-info-multiple","/topics/users/overview/guide-get-info-multiple","users/guides/overview/get-info-multiple","/users/guides/overview/get-info-multiple","high","users/guides/overview/get-info-multiple","/users/guides/overview/get-info-multiple","exact",""
"topics/users/overview/guide-get-info-one","/topics/users/overview/guide-get-info-one","users/guides/overview/get-info-one","/users/guides/overview/get-info-one","high","users/guides/overview/get-info-one","/users/guides/overview/get-info-one","exact",""
"topics/users/overview/guide-get-list","/topics/users/overview/guide-get-list","users/guides/overview/get-list","/users/guides/overview/get-list","high","users/guides/overview/get-list","/users/guides/overview/get-list","exact",""
